country_name,time,value
Malaysia,Jan-17,0
Thailand,Jan-17,0
Singapura,Jan-17,0
Vietnam,Jan-17,0
Philipina,Jan-17,0
ASEAN Lainnya,Jan-17,0
Jepang,Jan-17,0
Korea Selatan,Jan-17,0
Tiongkok,Jan-17,2.84
Hongkong,Jan-17,0
Taiwan,Jan-17,0
Uni Emirat Arab,Jan-17,0
Asia Lainnya,Jan-17,0
Australia,Jan-17,0
Meksiko,Jan-17,0
Belanda,Jan-17,0
Amerika Serikat,Jan-17,0
Italia,Jan-17,0
Jerman,Jan-17,0
Perancis,Jan-17,0
Finlandia,Jan-17,0
Lainnya,Jan-17,0
Malaysia,Feb-17,0
Thailand,Feb-17,0
Singapura,Feb-17,0
Vietnam,Feb-17,0
Philipina,Feb-17,0
ASEAN Lainnya,Feb-17,0
Jepang,Feb-17,0
Korea Selatan,Feb-17,0
Tiongkok,Feb-17,0
Hongkong,Feb-17,0
Taiwan,Feb-17,0
Uni Emirat Arab,Feb-17,0
Asia Lainnya,Feb-17,0
Australia,Feb-17,0
Meksiko,Feb-17,0
Belanda,Feb-17,0
Amerika Serikat,Feb-17,0
Italia,Feb-17,0
Jerman,Feb-17,0
Perancis,Feb-17,0
Finlandia,Feb-17,0
Lainnya,Feb-17,0
Malaysia,Mar-17,0
Thailand,Mar-17,0
Singapura,Mar-17,0
Vietnam,Mar-17,0
Philipina,Mar-17,0
ASEAN Lainnya,Mar-17,0
Jepang,Mar-17,0
Korea Selatan,Mar-17,0
Tiongkok,Mar-17,0
Hongkong,Mar-17,0
Taiwan,Mar-17,0
Uni Emirat Arab,Mar-17,0
Asia Lainnya,Mar-17,0
Australia,Mar-17,0
Meksiko,Mar-17,0
Belanda,Mar-17,0
Amerika Serikat,Mar-17,0
Italia,Mar-17,0
Jerman,Mar-17,0
Perancis,Mar-17,0
Finlandia,Mar-17,0
Lainnya,Mar-17,0
Malaysia,Apr-17,0
Thailand,Apr-17,0
Singapura,Apr-17,0
Vietnam,Apr-17,0
Philipina,Apr-17,0
ASEAN Lainnya,Apr-17,0
Jepang,Apr-17,0
Korea Selatan,Apr-17,0
Tiongkok,Apr-17,0
Hongkong,Apr-17,0
Taiwan,Apr-17,0
Uni Emirat Arab,Apr-17,0
Asia Lainnya,Apr-17,0
Australia,Apr-17,0
Meksiko,Apr-17,0
Belanda,Apr-17,0
Amerika Serikat,Apr-17,0
Italia,Apr-17,0
Jerman,Apr-17,0
Perancis,Apr-17,0
Finlandia,Apr-17,0
Lainnya,Apr-17,0.07
Malaysia,May-17,0
Thailand,May-17,0
Singapura,May-17,0
Vietnam,May-17,0
Philipina,May-17,0
ASEAN Lainnya,May-17,0
Jepang,May-17,0
Korea Selatan,May-17,0
Tiongkok,May-17,0
Hongkong,May-17,0
Taiwan,May-17,0
Uni Emirat Arab,May-17,0
Asia Lainnya,May-17,0
Australia,May-17,0
Meksiko,May-17,0
Belanda,May-17,0
Amerika Serikat,May-17,0
Italia,May-17,0
Jerman,May-17,0
Perancis,May-17,0
Finlandia,May-17,0
Lainnya,May-17,0
Malaysia,Jun-17,0
Thailand,Jun-17,0
Singapura,Jun-17,0
Vietnam,Jun-17,0
Philipina,Jun-17,0
ASEAN Lainnya,Jun-17,0
Jepang,Jun-17,0
Korea Selatan,Jun-17,0
Tiongkok,Jun-17,0
Hongkong,Jun-17,0
Taiwan,Jun-17,0
Uni Emirat Arab,Jun-17,0
Asia Lainnya,Jun-17,0
Australia,Jun-17,0
Meksiko,Jun-17,0
Belanda,Jun-17,0
Amerika Serikat,Jun-17,0
Italia,Jun-17,0
Jerman,Jun-17,0
Perancis,Jun-17,0
Finlandia,Jun-17,0
Lainnya,Jun-17,0
Malaysia,Jul-17,0
Thailand,Jul-17,0
Singapura,Jul-17,0.0002
Vietnam,Jul-17,0
Philipina,Jul-17,0
ASEAN Lainnya,Jul-17,0
Jepang,Jul-17,0
Korea Selatan,Jul-17,0
Tiongkok,Jul-17,0.0001
Hongkong,Jul-17,0
Taiwan,Jul-17,0
Uni Emirat Arab,Jul-17,0
Asia Lainnya,Jul-17,0
Australia,Jul-17,0.0002
Meksiko,Jul-17,0
Belanda,Jul-17,0
Amerika Serikat,Jul-17,0
Italia,Jul-17,0
Jerman,Jul-17,0
Perancis,Jul-17,0
Finlandia,Jul-17,0
Lainnya,Jul-17,0.0012
Malaysia,Aug-17,0
Thailand,Aug-17,0
Singapura,Aug-17,0
Vietnam,Aug-17,0
Philipina,Aug-17,0
ASEAN Lainnya,Aug-17,0
Jepang,Aug-17,0.001
Korea Selatan,Aug-17,0
Tiongkok,Aug-17,0
Hongkong,Aug-17,0.001
Taiwan,Aug-17,0
Uni Emirat Arab,Aug-17,0
Asia Lainnya,Aug-17,0
Australia,Aug-17,0
Meksiko,Aug-17,0
Belanda,Aug-17,0
Amerika Serikat,Aug-17,0
Italia,Aug-17,0
Jerman,Aug-17,0
Perancis,Aug-17,0
Finlandia,Aug-17,0
Lainnya,Aug-17,0.0002
Malaysia,Sep-17,0
Thailand,Sep-17,0
Singapura,Sep-17,0.0001
Vietnam,Sep-17,0
Philipina,Sep-17,0
ASEAN Lainnya,Sep-17,0
Jepang,Sep-17,0
Korea Selatan,Sep-17,0
Tiongkok,Sep-17,0.0004
Hongkong,Sep-17,0
Taiwan,Sep-17,0
Uni Emirat Arab,Sep-17,0
Asia Lainnya,Sep-17,0
Australia,Sep-17,0
Meksiko,Sep-17,0
Belanda,Sep-17,0
Amerika Serikat,Sep-17,0
Italia,Sep-17,0
Jerman,Sep-17,0
Perancis,Sep-17,0
Finlandia,Sep-17,0
Lainnya,Sep-17,0.0006
Malaysia,Oct-17,0
Thailand,Oct-17,0
Singapura,Oct-17,0.0001
Vietnam,Oct-17,0
Philipina,Oct-17,0
ASEAN Lainnya,Oct-17,0
Jepang,Oct-17,0
Korea Selatan,Oct-17,0
Tiongkok,Oct-17,0.0005
Hongkong,Oct-17,0
Taiwan,Oct-17,0
Uni Emirat Arab,Oct-17,0
Asia Lainnya,Oct-17,0
Australia,Oct-17,0
Meksiko,Oct-17,0
Belanda,Oct-17,0
Amerika Serikat,Oct-17,0
Italia,Oct-17,0
Jerman,Oct-17,0
Perancis,Oct-17,0
Finlandia,Oct-17,0
Lainnya,Oct-17,0.001
Malaysia,Nov-17,0
Thailand,Nov-17,0
Singapura,Nov-17,1.25
Vietnam,Nov-17,0
Philipina,Nov-17,0
ASEAN Lainnya,Nov-17,0
Jepang,Nov-17,0
Korea Selatan,Nov-17,0
Tiongkok,Nov-17,0
Hongkong,Nov-17,0
Taiwan,Nov-17,0
Uni Emirat Arab,Nov-17,0
Asia Lainnya,Nov-17,0
Australia,Nov-17,0
Meksiko,Nov-17,0
Belanda,Nov-17,0
Amerika Serikat,Nov-17,0
Italia,Nov-17,0
Jerman,Nov-17,0
Perancis,Nov-17,0
Finlandia,Nov-17,0
Lainnya,Nov-17,0
Malaysia,Dec-17,0.01
Thailand,Dec-17,0.002
Singapura,Dec-17,3.04
Vietnam,Dec-17,0
Philipina,Dec-17,0.0003
ASEAN Lainnya,Dec-17,0
Jepang,Dec-17,0.001
Korea Selatan,Dec-17,0.26
Tiongkok,Dec-17,0.07
Hongkong,Dec-17,0
Taiwan,Dec-17,0.004
Uni Emirat Arab,Dec-17,0
Asia Lainnya,Dec-17,0
Australia,Dec-17,0.01
Meksiko,Dec-17,0.01
Belanda,Dec-17,0
Amerika Serikat,Dec-17,60.96
Italia,Dec-17,0
Jerman,Dec-17,0
Perancis,Dec-17,0
Finlandia,Dec-17,0
Lainnya,Dec-17,0
Malaysia,Jan-18,0
Thailand,Jan-18,0
Singapura,Jan-18,0.96
Vietnam,Jan-18,0
Philipina,Jan-18,0
ASEAN Lainnya,Jan-18,0
Jepang,Jan-18,0
Korea Selatan,Jan-18,0
Tiongkok,Jan-18,0
Hongkong,Jan-18,0
Taiwan,Jan-18,0
Uni Emirat Arab,Jan-18,0
Asia Lainnya,Jan-18,0
Australia,Jan-18,0
Meksiko,Jan-18,0
Belanda,Jan-18,0
Amerika Serikat,Jan-18,0
Italia,Jan-18,0
Jerman,Jan-18,0
Perancis,Jan-18,0
Finlandia,Jan-18,0
Lainnya,Jan-18,0
Malaysia,Feb-18,0
Thailand,Feb-18,0
Singapura,Feb-18,0.001
Vietnam,Feb-18,0
Philipina,Feb-18,0
ASEAN Lainnya,Feb-18,0
Jepang,Feb-18,0
Korea Selatan,Feb-18,0
Tiongkok,Feb-18,0.0001
Hongkong,Feb-18,0
Taiwan,Feb-18,0
Uni Emirat Arab,Feb-18,0
Asia Lainnya,Feb-18,0
Australia,Feb-18,0.0001
Meksiko,Feb-18,0
Belanda,Feb-18,0
Amerika Serikat,Feb-18,0
Italia,Feb-18,0
Jerman,Feb-18,0
Perancis,Feb-18,0
Finlandia,Feb-18,0
Lainnya,Feb-18,0
Malaysia,Mar-18,0
Thailand,Mar-18,0
Singapura,Mar-18,1.447
Vietnam,Mar-18,0
Philipina,Mar-18,0
ASEAN Lainnya,Mar-18,0
Jepang,Mar-18,0
Korea Selatan,Mar-18,0
Tiongkok,Mar-18,0
Hongkong,Mar-18,0
Taiwan,Mar-18,0
Uni Emirat Arab,Mar-18,0
Asia Lainnya,Mar-18,0
Australia,Mar-18,0
Meksiko,Mar-18,0
Belanda,Mar-18,0
Amerika Serikat,Mar-18,0
Italia,Mar-18,0
Jerman,Mar-18,0
Perancis,Mar-18,0
Finlandia,Mar-18,0
Lainnya,Mar-18,0
Malaysia,Apr-18,0
Thailand,Apr-18,0
Singapura,Apr-18,0.0003
Vietnam,Apr-18,0
Philipina,Apr-18,0
ASEAN Lainnya,Apr-18,0
Jepang,Apr-18,0
Korea Selatan,Apr-18,0
Tiongkok,Apr-18,0.0001
Hongkong,Apr-18,0
Taiwan,Apr-18,0
Uni Emirat Arab,Apr-18,0
Asia Lainnya,Apr-18,0
Australia,Apr-18,0
Meksiko,Apr-18,0
Belanda,Apr-18,0
Amerika Serikat,Apr-18,0
Italia,Apr-18,0
Jerman,Apr-18,0
Perancis,Apr-18,0
Finlandia,Apr-18,0
Lainnya,Apr-18,0.002
Malaysia,May-18,1.26
Thailand,May-18,0
Singapura,May-18,0.009
Vietnam,May-18,0
Philipina,May-18,0
ASEAN Lainnya,May-18,0
Jepang,May-18,0
Korea Selatan,May-18,0
Tiongkok,May-18,0
Hongkong,May-18,0
Taiwan,May-18,0.46
Uni Emirat Arab,May-18,0
Asia Lainnya,May-18,0
Australia,May-18,4.58
Meksiko,May-18,0
Belanda,May-18,0
Amerika Serikat,May-18,0
Italia,May-18,0
Jerman,May-18,0
Perancis,May-18,0
Finlandia,May-18,0
Lainnya,May-18,1.5
Malaysia,Jun-18,0
Thailand,Jun-18,0
Singapura,Jun-18,0.0003
Vietnam,Jun-18,0
Philipina,Jun-18,0
ASEAN Lainnya,Jun-18,0
Jepang,Jun-18,0
Korea Selatan,Jun-18,0
Tiongkok,Jun-18,0.0004
Hongkong,Jun-18,0
Taiwan,Jun-18,0
Uni Emirat Arab,Jun-18,0
Asia Lainnya,Jun-18,0
Australia,Jun-18,0.0001
Meksiko,Jun-18,0
Belanda,Jun-18,0
Amerika Serikat,Jun-18,0
Italia,Jun-18,0
Jerman,Jun-18,0
Perancis,Jun-18,0
Finlandia,Jun-18,0
Lainnya,Jun-18,0.0005
Malaysia,Jul-18,0
Thailand,Jul-18,0
Singapura,Jul-18,0.39
Vietnam,Jul-18,0
Philipina,Jul-18,0
ASEAN Lainnya,Jul-18,0
Jepang,Jul-18,0.0002
Korea Selatan,Jul-18,0.07
Tiongkok,Jul-18,0
Hongkong,Jul-18,0
Taiwan,Jul-18,0
Uni Emirat Arab,Jul-18,0
Asia Lainnya,Jul-18,0
Australia,Jul-18,0
Meksiko,Jul-18,0
Belanda,Jul-18,0
Amerika Serikat,Jul-18,0
Italia,Jul-18,0
Jerman,Jul-18,0
Perancis,Jul-18,0
Finlandia,Jul-18,0
Lainnya,Jul-18,0.0007
Malaysia,Aug-18,0.0008
Thailand,Aug-18,0
Singapura,Aug-18,0.18
Vietnam,Aug-18,0
Philipina,Aug-18,0
ASEAN Lainnya,Aug-18,0
Jepang,Aug-18,0
Korea Selatan,Aug-18,1.28
Tiongkok,Aug-18,0.93
Hongkong,Aug-18,0
Taiwan,Aug-18,0
Uni Emirat Arab,Aug-18,0
Asia Lainnya,Aug-18,0
Australia,Aug-18,0.0013
Meksiko,Aug-18,0
Belanda,Aug-18,0
Amerika Serikat,Aug-18,0
Italia,Aug-18,0
Jerman,Aug-18,0
Perancis,Aug-18,0
Finlandia,Aug-18,0
Lainnya,Aug-18,0.002
Malaysia,Sep-18,0
Thailand,Sep-18,0
Singapura,Sep-18,0.0003
Vietnam,Sep-18,0
Philipina,Sep-18,0
ASEAN Lainnya,Sep-18,0
Jepang,Sep-18,0
Korea Selatan,Sep-18,0
Tiongkok,Sep-18,0
Hongkong,Sep-18,0
Taiwan,Sep-18,0
Uni Emirat Arab,Sep-18,0
Asia Lainnya,Sep-18,0
Australia,Sep-18,4.75
Meksiko,Sep-18,0
Belanda,Sep-18,0
Amerika Serikat,Sep-18,0
Italia,Sep-18,0
Jerman,Sep-18,0
Perancis,Sep-18,0
Finlandia,Sep-18,0
Lainnya,Sep-18,0.002
Malaysia,Oct-18,0
Thailand,Oct-18,0
Singapura,Oct-18,0.51
Vietnam,Oct-18,0
Philipina,Oct-18,0
ASEAN Lainnya,Oct-18,0
Jepang,Oct-18,0
Korea Selatan,Oct-18,0
Tiongkok,Oct-18,0
Hongkong,Oct-18,0
Taiwan,Oct-18,0
Uni Emirat Arab,Oct-18,0
Asia Lainnya,Oct-18,0
Australia,Oct-18,0.0004
Meksiko,Oct-18,0
Belanda,Oct-18,0
Amerika Serikat,Oct-18,0
Italia,Oct-18,0
Jerman,Oct-18,0
Perancis,Oct-18,0
Finlandia,Oct-18,0
Lainnya,Oct-18,0.0001
Malaysia,Nov-18,0
Thailand,Nov-18,0
Singapura,Nov-18,0.0001
Vietnam,Nov-18,0
Philipina,Nov-18,0
ASEAN Lainnya,Nov-18,0
Jepang,Nov-18,0
Korea Selatan,Nov-18,0.0001
Tiongkok,Nov-18,0.0002
Hongkong,Nov-18,0
Taiwan,Nov-18,0
Uni Emirat Arab,Nov-18,0
Asia Lainnya,Nov-18,0
Australia,Nov-18,4.53
Meksiko,Nov-18,0
Belanda,Nov-18,0
Amerika Serikat,Nov-18,0
Italia,Nov-18,0
Jerman,Nov-18,0
Perancis,Nov-18,0
Finlandia,Nov-18,0
Lainnya,Nov-18,0.0003
Malaysia,Dec-18,1.235
Thailand,Dec-18,0
Singapura,Dec-18,0.0002
Vietnam,Dec-18,0
Philipina,Dec-18,0
ASEAN Lainnya,Dec-18,0
Jepang,Dec-18,0
Korea Selatan,Dec-18,0
Tiongkok,Dec-18,3.89
Hongkong,Dec-18,0
Taiwan,Dec-18,0
Uni Emirat Arab,Dec-18,0
Asia Lainnya,Dec-18,1.01
Australia,Dec-18,0.001
Meksiko,Dec-18,0
Belanda,Dec-18,0
Amerika Serikat,Dec-18,0.0006
Italia,Dec-18,0
Jerman,Dec-18,0
Perancis,Dec-18,0
Finlandia,Dec-18,26.3218
Lainnya,Dec-18,0
Malaysia,Jan-19,0
Thailand,Jan-19,0
Singapura,Jan-19,0
Vietnam,Jan-19,0
Philipina,Jan-19,0
ASEAN Lainnya,Jan-19,0
Jepang,Jan-19,0
Korea Selatan,Jan-19,0
Tiongkok,Jan-19,5.24
Hongkong,Jan-19,0
Taiwan,Jan-19,0
Uni Emirat Arab,Jan-19,0
Asia Lainnya,Jan-19,0
Australia,Jan-19,0
Meksiko,Jan-19,0
Belanda,Jan-19,0
Amerika Serikat,Jan-19,0
Italia,Jan-19,0
Jerman,Jan-19,0
Perancis,Jan-19,0
Finlandia,Jan-19,0
Lainnya,Jan-19,0.0002
Malaysia,Feb-19,0
Thailand,Feb-19,0
Singapura,Feb-19,0
Vietnam,Feb-19,0
Philipina,Feb-19,0
ASEAN Lainnya,Feb-19,0
Jepang,Feb-19,0
Korea Selatan,Feb-19,0.05
Tiongkok,Feb-19,0
Hongkong,Feb-19,0.0001
Taiwan,Feb-19,0.0008
Uni Emirat Arab,Feb-19,0
Asia Lainnya,Feb-19,0
Australia,Feb-19,0
Meksiko,Feb-19,0
Belanda,Feb-19,0
Amerika Serikat,Feb-19,0
Italia,Feb-19,8.01
Jerman,Feb-19,0
Perancis,Feb-19,0
Finlandia,Feb-19,0
Lainnya,Feb-19,0.0016
Malaysia,Mar-19,0
Thailand,Mar-19,0
Singapura,Mar-19,0.81
Vietnam,Mar-19,0
Philipina,Mar-19,0
ASEAN Lainnya,Mar-19,0
Jepang,Mar-19,0.0005
Korea Selatan,Mar-19,0.54
Tiongkok,Mar-19,2.76
Hongkong,Mar-19,0
Taiwan,Mar-19,0
Uni Emirat Arab,Mar-19,0
Asia Lainnya,Mar-19,0.22
Australia,Mar-19,0
Meksiko,Mar-19,0
Belanda,Mar-19,0
Amerika Serikat,Mar-19,4.42
Italia,Mar-19,0.94
Jerman,Mar-19,0.04
Perancis,Mar-19,0
Finlandia,Mar-19,20
Lainnya,Mar-19,8.31
Malaysia,Apr-19,0.0002
Thailand,Apr-19,0
Singapura,Apr-19,0
Vietnam,Apr-19,0
Philipina,Apr-19,0
ASEAN Lainnya,Apr-19,0
Jepang,Apr-19,0
Korea Selatan,Apr-19,14.36
Tiongkok,Apr-19,0
Hongkong,Apr-19,0
Taiwan,Apr-19,0
Uni Emirat Arab,Apr-19,0
Asia Lainnya,Apr-19,0
Australia,Apr-19,4.59
Meksiko,Apr-19,0
Belanda,Apr-19,0
Amerika Serikat,Apr-19,0
Italia,Apr-19,0
Jerman,Apr-19,0
Perancis,Apr-19,0
Finlandia,Apr-19,0
Lainnya,Apr-19,2.06
Malaysia,May-19,1.3783
Thailand,May-19,0
Singapura,May-19,1.77
Vietnam,May-19,0
Philipina,May-19,0
ASEAN Lainnya,May-19,0
Jepang,May-19,0.00005
Korea Selatan,May-19,6.62
Tiongkok,May-19,2.15
Hongkong,May-19,0
Taiwan,May-19,0
Uni Emirat Arab,May-19,0
Asia Lainnya,May-19,0
Australia,May-19,0.0001
Meksiko,May-19,0
Belanda,May-19,0
Amerika Serikat,May-19,0
Italia,May-19,10.88
Jerman,May-19,0
Perancis,May-19,0
Finlandia,May-19,0
Lainnya,May-19,0.06
Malaysia,Jun-19,0
Thailand,Jun-19,0
Singapura,Jun-19,0.0318
Vietnam,Jun-19,0
Philipina,Jun-19,0
ASEAN Lainnya,Jun-19,0
Jepang,Jun-19,0
Korea Selatan,Jun-19,0
Tiongkok,Jun-19,0.0001
Hongkong,Jun-19,0
Taiwan,Jun-19,0
Uni Emirat Arab,Jun-19,0
Asia Lainnya,Jun-19,0
Australia,Jun-19,0
Meksiko,Jun-19,0
Belanda,Jun-19,0
Amerika Serikat,Jun-19,0
Italia,Jun-19,0
Jerman,Jun-19,0
Perancis,Jun-19,0
Finlandia,Jun-19,0
Lainnya,Jun-19,0.01
Malaysia,Jul-19,0
Thailand,Jul-19,0
Singapura,Jul-19,0.0001
Vietnam,Jul-19,0
Philipina,Jul-19,0
ASEAN Lainnya,Jul-19,0
Jepang,Jul-19,11.8153
Korea Selatan,Jul-19,0
Tiongkok,Jul-19,0.0001
Hongkong,Jul-19,0
Taiwan,Jul-19,0
Uni Emirat Arab,Jul-19,0
Asia Lainnya,Jul-19,0
Australia,Jul-19,0
Meksiko,Jul-19,0
Belanda,Jul-19,0.0082
Amerika Serikat,Jul-19,0.0004
Italia,Jul-19,106.4812
Jerman,Jul-19,0
Perancis,Jul-19,0
Finlandia,Jul-19,0
Lainnya,Jul-19,0.0001
Malaysia,Aug-19,0
Thailand,Aug-19,0
Singapura,Aug-19,7.849
Vietnam,Aug-19,0
Philipina,Aug-19,0
ASEAN Lainnya,Aug-19,0
Jepang,Aug-19,0.0899
Korea Selatan,Aug-19,0
Tiongkok,Aug-19,0.0184
Hongkong,Aug-19,0
Taiwan,Aug-19,0.0001
Uni Emirat Arab,Aug-19,0
Asia Lainnya,Aug-19,0
Australia,Aug-19,4.0388
Meksiko,Aug-19,0
Belanda,Aug-19,0
Amerika Serikat,Aug-19,34.1575
Italia,Aug-19,31.2142
Jerman,Aug-19,0
Perancis,Aug-19,0
Finlandia,Aug-19,0
Lainnya,Aug-19,0.0001
Malaysia,Sep-19,0.5692
Thailand,Sep-19,0
Singapura,Sep-19,0.073
Vietnam,Sep-19,0
Philipina,Sep-19,0
ASEAN Lainnya,Sep-19,0
Jepang,Sep-19,0.2338
Korea Selatan,Sep-19,3.8897
Tiongkok,Sep-19,0.7427
Hongkong,Sep-19,0
Taiwan,Sep-19,0.0015
Uni Emirat Arab,Sep-19,1.2472
Asia Lainnya,Sep-19,0.1629
Australia,Sep-19,0.0001
Meksiko,Sep-19,0
Belanda,Sep-19,0.0129
Amerika Serikat,Sep-19,0.0002
Italia,Sep-19,3.2607
Jerman,Sep-19,0
Perancis,Sep-19,0
Finlandia,Sep-19,0
Lainnya,Sep-19,0.3321
Malaysia,Oct-19,0.5604
Thailand,Oct-19,0
Singapura,Oct-19,0.1021
Vietnam,Oct-19,0
Philipina,Oct-19,0
ASEAN Lainnya,Oct-19,0
Jepang,Oct-19,0.317
Korea Selatan,Oct-19,17.466
Tiongkok,Oct-19,2.8518
Hongkong,Oct-19,0
Taiwan,Oct-19,0
Uni Emirat Arab,Oct-19,0
Asia Lainnya,Oct-19,0.6619
Australia,Oct-19,0
Meksiko,Oct-19,0
Belanda,Oct-19,0
Amerika Serikat,Oct-19,0.0003
Italia,Oct-19,13.7705
Jerman,Oct-19,0
Perancis,Oct-19,0
Finlandia,Oct-19,0
Lainnya,Oct-19,0.4405
Malaysia,Nov-19,2.7157
Thailand,Nov-19,0
Singapura,Nov-19,0.1426
Vietnam,Nov-19,0
Philipina,Nov-19,0
ASEAN Lainnya,Nov-19,0
Jepang,Nov-19,0.5732
Korea Selatan,Nov-19,0.0001
Tiongkok,Nov-19,0.5948
Hongkong,Nov-19,0
Taiwan,Nov-19,0.7361
Uni Emirat Arab,Nov-19,0
Asia Lainnya,Nov-19,0.4236
Australia,Nov-19,3.7779
Meksiko,Nov-19,0
Belanda,Nov-19,0.0004
Amerika Serikat,Nov-19,0.0002
Italia,Nov-19,1.5344
Jerman,Nov-19,0
Perancis,Nov-19,0
Finlandia,Nov-19,0
Lainnya,Nov-19,0.0001
Malaysia,Dec-19,0.4633
Thailand,Dec-19,0
Singapura,Dec-19,2.5949
Vietnam,Dec-19,0
Philipina,Dec-19,0
ASEAN Lainnya,Dec-19,0
Jepang,Dec-19,0.5429
Korea Selatan,Dec-19,0.0001
Tiongkok,Dec-19,0.0106
Hongkong,Dec-19,0
Taiwan,Dec-19,0
Uni Emirat Arab,Dec-19,0
Asia Lainnya,Dec-19,0
Australia,Dec-19,0.0001
Meksiko,Dec-19,0
Belanda,Dec-19,0.7454
Amerika Serikat,Dec-19,0.0001
Italia,Dec-19,21.0316
Jerman,Dec-19,0
Perancis,Dec-19,0
Finlandia,Dec-19,0
Lainnya,Dec-19,0
Malaysia,Jan-20,0
Thailand,Jan-20,0
Singapura,Jan-20,0.27
Vietnam,Jan-20,0
Philipina,Jan-20,0
ASEAN Lainnya,Jan-20,0
Jepang,Jan-20,0.03
Korea Selatan,Jan-20,0
Tiongkok,Jan-20,0
Hongkong,Jan-20,0
Taiwan,Jan-20,0
Uni Emirat Arab,Jan-20,0
Asia Lainnya,Jan-20,6.52
Australia,Jan-20,0
Meksiko,Jan-20,0
Belanda,Jan-20,0.03
Amerika Serikat,Jan-20,0
Italia,Jan-20,2.9
Jerman,Jan-20,0
Perancis,Jan-20,0.17
Finlandia,Jan-20,0
Lainnya,Jan-20,0
Malaysia,Feb-20,0
Thailand,Feb-20,0
Singapura,Feb-20,0.28
Vietnam,Feb-20,0
Philipina,Feb-20,0
ASEAN Lainnya,Feb-20,0
Jepang,Feb-20,0.27
Korea Selatan,Feb-20,0.1
Tiongkok,Feb-20,0
Hongkong,Feb-20,0
Taiwan,Feb-20,0
Uni Emirat Arab,Feb-20,0
Asia Lainnya,Feb-20,0
Australia,Feb-20,3.98
Meksiko,Feb-20,0
Belanda,Feb-20,0
Amerika Serikat,Feb-20,0.02
Italia,Feb-20,8.21
Jerman,Feb-20,14.04
Perancis,Feb-20,5.08
Finlandia,Feb-20,0
Lainnya,Feb-20,1.23
Malaysia,Mar-20,0.89
Thailand,Mar-20,0
Singapura,Mar-20,0.11
Vietnam,Mar-20,0
Philipina,Mar-20,0
ASEAN Lainnya,Mar-20,0
Jepang,Mar-20,0.06
Korea Selatan,Mar-20,0.0007
Tiongkok,Mar-20,0.0017
Hongkong,Mar-20,0
Taiwan,Mar-20,0
Uni Emirat Arab,Mar-20,1.57
Asia Lainnya,Mar-20,0
Australia,Mar-20,0
Meksiko,Mar-20,0
Belanda,Mar-20,0.00004
Amerika Serikat,Mar-20,0.01
Italia,Mar-20,0.08
Jerman,Mar-20,0
Perancis,Mar-20,0
Finlandia,Mar-20,0
Lainnya,Mar-20,0.0011
Malaysia,Apr-20,0
Thailand,Apr-20,0
Singapura,Apr-20,0.58
Vietnam,Apr-20,0
Philipina,Apr-20,0
ASEAN Lainnya,Apr-20,0
Jepang,Apr-20,0.28
Korea Selatan,Apr-20,0
Tiongkok,Apr-20,0.03
Hongkong,Apr-20,0
Taiwan,Apr-20,0
Uni Emirat Arab,Apr-20,0
Asia Lainnya,Apr-20,0.13
Australia,Apr-20,0
Meksiko,Apr-20,0
Belanda,Apr-20,0.03
Amerika Serikat,Apr-20,0.57
Italia,Apr-20,0.07
Jerman,Apr-20,0.57
Perancis,Apr-20,0.75
Finlandia,Apr-20,0
Lainnya,Apr-20,0
Malaysia,May-20,0
Thailand,May-20,0
Singapura,May-20,0.15
Vietnam,May-20,0
Philipina,May-20,0
ASEAN Lainnya,May-20,0
Jepang,May-20,0.15
Korea Selatan,May-20,0
Tiongkok,May-20,0.0002
Hongkong,May-20,0
Taiwan,May-20,0
Uni Emirat Arab,May-20,0
Asia Lainnya,May-20,0
Australia,May-20,0
Meksiko,May-20,0
Belanda,May-20,0.0001
Amerika Serikat,May-20,0.0022
Italia,May-20,0.04
Jerman,May-20,0
Perancis,May-20,0
Finlandia,May-20,0
Lainnya,May-20,0.0001
Malaysia,Jun-20,0
Thailand,Jun-20,0
Singapura,Jun-20,0.15
Vietnam,Jun-20,0
Philipina,Jun-20,0
ASEAN Lainnya,Jun-20,0
Jepang,Jun-20,0.02
Korea Selatan,Jun-20,0
Tiongkok,Jun-20,0.0001
Hongkong,Jun-20,0
Taiwan,Jun-20,0
Uni Emirat Arab,Jun-20,0
Asia Lainnya,Jun-20,0
Australia,Jun-20,2.83
Meksiko,Jun-20,0
Belanda,Jun-20,0.00003
Amerika Serikat,Jun-20,0.07
Italia,Jun-20,0.23
Jerman,Jun-20,0.0026
Perancis,Jun-20,0
Finlandia,Jun-20,0
Lainnya,Jun-20,0.18015
Malaysia,Jul-20,0
Thailand,Jul-20,0
Singapura,Jul-20,0.22
Vietnam,Jul-20,0
Philipina,Jul-20,0
ASEAN Lainnya,Jul-20,0
Jepang,Jul-20,0.03
Korea Selatan,Jul-20,0
Tiongkok,Jul-20,0.13
Hongkong,Jul-20,0
Taiwan,Jul-20,0
Uni Emirat Arab,Jul-20,0
Asia Lainnya,Jul-20,0
Australia,Jul-20,0
Meksiko,Jul-20,0
Belanda,Jul-20,0
Amerika Serikat,Jul-20,0.0004
Italia,Jul-20,0.1
Jerman,Jul-20,0
Perancis,Jul-20,0
Finlandia,Jul-20,0
Lainnya,Jul-20,0.00013
Malaysia,Aug-20,0.83
Thailand,Aug-20,0
Singapura,Aug-20,0.22
Vietnam,Aug-20,0
Philipina,Aug-20,0
ASEAN Lainnya,Aug-20,0
Jepang,Aug-20,0.11
Korea Selatan,Aug-20,0.66
Tiongkok,Aug-20,0.02
Hongkong,Aug-20,0.0001
Taiwan,Aug-20,0
Uni Emirat Arab,Aug-20,0
Asia Lainnya,Aug-20,0
Australia,Aug-20,0
Meksiko,Aug-20,0
Belanda,Aug-20,0
Amerika Serikat,Aug-20,0.16
Italia,Aug-20,1.27
Jerman,Aug-20,0
Perancis,Aug-20,0
Finlandia,Aug-20,0
Lainnya,Aug-20,0
Malaysia,Sep-20,1.02
Thailand,Sep-20,0
Singapura,Sep-20,0.15
Vietnam,Sep-20,0
Philipina,Sep-20,0
ASEAN Lainnya,Sep-20,0
Jepang,Sep-20,0.12
Korea Selatan,Sep-20,0
Tiongkok,Sep-20,0.0004
Hongkong,Sep-20,0
Taiwan,Sep-20,0
Uni Emirat Arab,Sep-20,0
Asia Lainnya,Sep-20,0.00003
Australia,Sep-20,2.6
Meksiko,Sep-20,0
Belanda,Sep-20,0
Amerika Serikat,Sep-20,0.1
Italia,Sep-20,1.89
Jerman,Sep-20,0.01
Perancis,Sep-20,0
Finlandia,Sep-20,0
Lainnya,Sep-20,0.0011
Malaysia,Oct-20,0
Thailand,Oct-20,0
Singapura,Oct-20,0.05
Vietnam,Oct-20,0
Philipina,Oct-20,0
ASEAN Lainnya,Oct-20,0
Jepang,Oct-20,0.01
Korea Selatan,Oct-20,0
Tiongkok,Oct-20,0
Hongkong,Oct-20,0
Taiwan,Oct-20,0
Uni Emirat Arab,Oct-20,0
Asia Lainnya,Oct-20,0
Australia,Oct-20,0
Meksiko,Oct-20,0
Belanda,Oct-20,0.01
Amerika Serikat,Oct-20,0.02
Italia,Oct-20,0.38
Jerman,Oct-20,0
Perancis,Oct-20,0
Finlandia,Oct-20,0
Lainnya,Oct-20,0
Malaysia,Nov-20,0
Thailand,Nov-20,0
Singapura,Nov-20,0.01
Vietnam,Nov-20,0
Philipina,Nov-20,0
ASEAN Lainnya,Nov-20,0
Jepang,Nov-20,0
Korea Selatan,Nov-20,0
Tiongkok,Nov-20,2.66
Hongkong,Nov-20,0
Taiwan,Nov-20,0
Uni Emirat Arab,Nov-20,0
Asia Lainnya,Nov-20,0
Australia,Nov-20,0
Meksiko,Nov-20,0
Belanda,Nov-20,0
Amerika Serikat,Nov-20,0
Italia,Nov-20,0.46
Jerman,Nov-20,0
Perancis,Nov-20,0
Finlandia,Nov-20,0
Lainnya,Nov-20,0
Malaysia,Dec-20,0
Thailand,Dec-20,0
Singapura,Dec-20,0.09
Vietnam,Dec-20,0
Philipina,Dec-20,0
ASEAN Lainnya,Dec-20,0
Jepang,Dec-20,0.00072
Korea Selatan,Dec-20,0
Tiongkok,Dec-20,0
Hongkong,Dec-20,0
Taiwan,Dec-20,0
Uni Emirat Arab,Dec-20,0
Asia Lainnya,Dec-20,0
Australia,Dec-20,0.00034
Meksiko,Dec-20,0
Belanda,Dec-20,0.0002
Amerika Serikat,Dec-20,0.0011
Italia,Dec-20,0.02
Jerman,Dec-20,0
Perancis,Dec-20,0
Finlandia,Dec-20,0
Lainnya,Dec-20,0
Malaysia,Jan-21,0.36
Thailand,Jan-21,0
Singapura,Jan-21,0.05
Vietnam,Jan-21,0
Philipina,Jan-21,0
ASEAN Lainnya,Jan-21,0
Jepang,Jan-21,0.1
Korea Selatan,Jan-21,0
Tiongkok,Jan-21,0
Hongkong,Jan-21,0
Taiwan,Jan-21,0
Uni Emirat Arab,Jan-21,0
Asia Lainnya,Jan-21,0
Australia,Jan-21,0
Meksiko,Jan-21,0
Belanda,Jan-21,0
Amerika Serikat,Jan-21,0.12
Italia,Jan-21,0.32
Jerman,Jan-21,0
Perancis,Jan-21,0
Finlandia,Jan-21,0
Lainnya,Jan-21,0.05
Malaysia,Feb-21,0
Thailand,Feb-21,0
Singapura,Feb-21,0.02
Vietnam,Feb-21,0
Philipina,Feb-21,0
ASEAN Lainnya,Feb-21,0
Jepang,Feb-21,0
Korea Selatan,Feb-21,0.02
Tiongkok,Feb-21,0
Hongkong,Feb-21,0
Taiwan,Feb-21,0
Uni Emirat Arab,Feb-21,0
Asia Lainnya,Feb-21,0
Australia,Feb-21,0
Meksiko,Feb-21,0
Belanda,Feb-21,0
Amerika Serikat,Feb-21,0.04
Italia,Feb-21,0.13
Jerman,Feb-21,0
Perancis,Feb-21,0
Finlandia,Feb-21,0
Lainnya,Feb-21,0
Malaysia,Mar-21,1.54
Thailand,Mar-21,0
Singapura,Mar-21,0.0016
Vietnam,Mar-21,0
Philipina,Mar-21,0
ASEAN Lainnya,Mar-21,0
Jepang,Mar-21,0
Korea Selatan,Mar-21,0
Tiongkok,Mar-21,0
Hongkong,Mar-21,0
Taiwan,Mar-21,0
Uni Emirat Arab,Mar-21,0
Asia Lainnya,Mar-21,0
Australia,Mar-21,0
Meksiko,Mar-21,0
Belanda,Mar-21,0
Amerika Serikat,Mar-21,0
Italia,Mar-21,0
Jerman,Mar-21,0
Perancis,Mar-21,0
Finlandia,Mar-21,0
Lainnya,Mar-21,0.02
Malaysia,Apr-21,0
Thailand,Apr-21,0
Singapura,Apr-21,0.16
Vietnam,Apr-21,0
Philipina,Apr-21,0
ASEAN Lainnya,Apr-21,0
Jepang,Apr-21,0.02
Korea Selatan,Apr-21,0
Tiongkok,Apr-21,0
Hongkong,Apr-21,0
Taiwan,Apr-21,0
Uni Emirat Arab,Apr-21,0
Asia Lainnya,Apr-21,0
Australia,Apr-21,0
Meksiko,Apr-21,0
Belanda,Apr-21,0
Amerika Serikat,Apr-21,0
Italia,Apr-21,0.12
Jerman,Apr-21,0.06
Perancis,Apr-21,0.1
Finlandia,Apr-21,0
Lainnya,Apr-21,0
Malaysia,May-21,0
Thailand,May-21,0
Singapura,May-21,0.02
Vietnam,May-21,0
Philipina,May-21,0
ASEAN Lainnya,May-21,0
Jepang,May-21,0.02
Korea Selatan,May-21,0
Tiongkok,May-21,4.19
Hongkong,May-21,0
Taiwan,May-21,0
Uni Emirat Arab,May-21,0
Asia Lainnya,May-21,0
Australia,May-21,0
Meksiko,May-21,0
Belanda,May-21,0
Amerika Serikat,May-21,0
Italia,May-21,0.21
Jerman,May-21,0
Perancis,May-21,0
Finlandia,May-21,0
Lainnya,May-21,0.0041
Malaysia,Jun-21,0.78
Thailand,Jun-21,0
Singapura,Jun-21,0
Vietnam,Jun-21,0
Philipina,Jun-21,0
ASEAN Lainnya,Jun-21,0
Jepang,Jun-21,0
Korea Selatan,Jun-21,0
Tiongkok,Jun-21,0
Hongkong,Jun-21,0
Taiwan,Jun-21,0
Uni Emirat Arab,Jun-21,0
Asia Lainnya,Jun-21,0
Australia,Jun-21,0
Meksiko,Jun-21,0
Belanda,Jun-21,0
Amerika Serikat,Jun-21,0
Italia,Jun-21,0
Jerman,Jun-21,0
Perancis,Jun-21,0
Finlandia,Jun-21,0
Lainnya,Jun-21,2.15
Malaysia,Jul-21,0
Thailand,Jul-21,0
Singapura,Jul-21,0
Vietnam,Jul-21,0
Philipina,Jul-21,0
ASEAN Lainnya,Jul-21,0
Jepang,Jul-21,0
Korea Selatan,Jul-21,0
Tiongkok,Jul-21,0
Hongkong,Jul-21,0
Taiwan,Jul-21,0
Uni Emirat Arab,Jul-21,0
Asia Lainnya,Jul-21,0
Australia,Jul-21,0
Meksiko,Jul-21,0
Belanda,Jul-21,0
Amerika Serikat,Jul-21,0
Italia,Jul-21,0
Jerman,Jul-21,0
Perancis,Jul-21,0
Finlandia,Jul-21,0
Lainnya,Jul-21,0
Malaysia,Aug-21,0
Thailand,Aug-21,0
Singapura,Aug-21,0.026
Vietnam,Aug-21,0
Philipina,Aug-21,0
ASEAN Lainnya,Aug-21,0
Jepang,Aug-21,0
Korea Selatan,Aug-21,0
Tiongkok,Aug-21,0
Hongkong,Aug-21,0
Taiwan,Aug-21,0
Uni Emirat Arab,Aug-21,0
Asia Lainnya,Aug-21,0
Australia,Aug-21,0
Meksiko,Aug-21,0
Belanda,Aug-21,0
Amerika Serikat,Aug-21,0
Italia,Aug-21,0
Jerman,Aug-21,0
Perancis,Aug-21,0
Finlandia,Aug-21,0
Lainnya,Aug-21,0
